condition,camera,point_count,historical,original_page,before_guided,latest
condition_01_normal_pose,cam3,13,162.3906279644139,39.2515140274163,41.72316990606461,35.07914527075245
condition_01_normal_pose,cam4,13,430.9370778148513,31.707988743353386,32.1071060280187,32.05606087275337
condition_02_hand_object_interaction,cam3,13,126.80938473474004,41.35357548418118,44.19845074945783,34.99868565241212
condition_02_hand_object_interaction,cam4,13,779.4389719762393,30.75080969450859,33.06481284802237,28.0588066492651
condition_03_hand_object_occlusion,cam3,10,82.32460443908614,39.30495364962767,39.261146051504845,39.201695640018976
condition_03_hand_object_occlusion,cam4,13,142.94333350865074,31.603214168714572,31.434579192838306,31.47097248324383
condition_04_failure_case,cam3,12,85.2392349032821,55.4420028612558,57.69806293844823,48.74167936920825
condition_04_failure_case,cam4,13,82.8526882453683,44.73911213596828,46.36390024515699,46.82951272358517
POOLED,all,100,337.2493087962658,39.87012141579728,41.44804078523332,37.52009091412992
