camera,seconds,offset,body_target_count,stage2_body_rmse_px,final_body_rmse_px,final_hand_rmse_px,raw_head_in_image,body_head_in_image,guided_head_in_image,local_surface_pass,left_crossings,right_crossings
cam3,18.42230847065626,-0.9935248626770744,13,14.170379638671875,19.143749398013114,10.494782956258828,0,164,111,False,41,0
cam4,18.409066666666668,-0.9982857843137255,9,8.08552074432373,10.988801176509668,8.618264611279656,0,3042,2946,False,45,0
cam3,18.927490604220875,-0.4883427291124603,10,17.600276947021484,16.514358388022753,9.363369159181442,0,173,174,False,26,0
cam4,18.916669607843136,-0.4906828431372549,8,8.077046394348145,9.201668037035676,8.866609084190781,0,1939,2074,True,0,0
cam3,19.415833333333335,0.0,10,7.039520740509033,9.037734919792863,9.389955652539905,0,2573,2577,False,16,19
cam4,19.407352450980394,0.0,12,13.528792381286621,16.623320363398275,9.280790967606707,0,2416,1873,True,0,0
cam3,19.904176062445796,0.4883427291124603,12,18.73969078063965,18.962903803950347,11.224652727134206,0,397,491,True,0,0
cam4,19.898035294117648,0.4906828431372549,12,14.762218475341797,18.117553711605137,11.97100647522551,0,0,0,False,88,0
cam3,20.40935819601041,0.9935248626770744,13,28.436954498291016,27.737009805098342,12.309380830018931,0,406,400,True,0,0
cam4,20.40563823529412,0.9982857843137255,12,15.219512939453125,18.940056293969658,11.552638512790915,0,0,0,False,89,0
