group,camera,seconds,local_pass,left_before,left_after,right_before,right_after,unique_final_pairs,body_auto_rmse_px,hand_auto_rmse_px
1,cam3,3.873,False,0,0,0,9,9,27.574258831321536,8.5507960766452
1,cam4,3.875,True,15,0,0,0,0,24.491007951885123,6.412692175550876
2,cam3,11.636,True,0,0,0,0,0,27.929181270414894,12.207992887352994
2,cam4,11.641,False,112,93,0,0,93,11.950926346437045,11.014630034652246
3,cam3,19.416,False,26,16,28,19,35,9.037734919792863,9.389955652539905
3,cam4,19.407,True,102,0,2,0,0,16.623320363398275,9.280790967606707
4,cam3,27.179,False,0,0,74,81,81,25.339939745395426,11.604892468966368
4,cam4,27.174,False,32,12,87,88,100,21.879842802544825,11.468143037327668
5,cam3,34.942,True,0,0,0,0,0,31.251633287714906,13.459016245340722
5,cam4,34.94,True,0,0,0,0,0,28.83126028792169,12.184922403039005
6,cam3,42.705,True,0,0,0,0,0,18.650536467605843,12.150517119143744
6,cam4,42.706,False,23,0,0,42,42,20.361708877207025,11.674006513456657
7,cam3,50.468,True,20,0,0,0,0,24.419983667362125,13.525650083264903
7,cam4,50.473,False,6,0,84,50,50,18.248140642098623,13.280691850002002
8,cam3,58.248,False,105,104,0,0,104,21.044339609011672,12.250589648089424
8,cam4,58.239,False,88,79,102,78,157,16.39358303431077,14.044862585691677
9,cam3,66.01,True,0,0,0,0,0,30.161414983886445,14.47379215307174
9,cam4,66.005,False,94,90,58,30,120,11.664216865172499,11.468461987076553
10,cam3,73.773,False,91,73,74,42,115,12.94612803781343,8.937104345508489
10,cam4,73.772,False,57,73,17,40,113,25.701387299012286,7.590311723182627
